{
  "workload": "bin-browse",
  "build_sha": "88ccee8",
  "duration_sec": 30.0,
  "started_at": "2026-05-26T05:27:05.085826Z",
  "bytes_read_delta": 681688236,
  "bytes_written_delta": 0,
  "throughput_MBps": 22.72,
  "rpcs": {
    "ACCESS": {
      "count_delta": 40,
      "mean_us": 3998.5012552301255,
      "p50_us": 19.264235444657707,
      "p95_us": 97.48603351955308,
      "p99_us": 100000,
      "max_us": 2000945
    },
    "FSSTAT": {
      "count_delta": 9,
      "mean_us": 100.45089757127772,
      "p50_us": 67.16294458229942,
      "p95_us": 211.32075471698113,
      "p99_us": 800,
      "max_us": 7471
    },
    "GETATTR": {
      "count_delta": 240,
      "mean_us": 15657.938768181002,
      "p50_us": 49.61774074981622,
      "p95_us": 49203.53982300885,
      "p99_us": 180633.8028169014,
      "max_us": 2002556
    },
    "LOOKUP": {
      "count_delta": 51406,
      "mean_us": 5411.140041323801,
      "p50_us": 15.775730323869983,
      "p95_us": 30810.145547945205,
      "p99_us": 122668.57962697274,
      "max_us": 7004266
    },
    "READ": {
      "count_delta": 670,
      "mean_us": 45489.83649895341,
      "p50_us": 386.6400277970813,
      "p95_us": 18114.33447098976,
      "p99_us": 2419825.0728862975,
      "max_us": 5424969
    },
    "READDIRPLUS": {
      "count_delta": 3,
      "mean_us": 351.68586387434556,
      "p50_us": 130.4461942257218,
      "p95_us": 840,
      "p99_us": 3909.090909090909,
      "max_us": 63831
    }
  },
  "rpc_errors_delta": 0,
  "from_handle_stale_events": 0
}