{
  "workload": "cold-playback",
  "build_sha": "88ccee8",
  "duration_sec": 2.0,
  "started_at": "2026-05-26T05:27:35.239535Z",
  "bytes_read_delta": 536870912,
  "bytes_written_delta": 0,
  "throughput_MBps": 268.44,
  "rpcs": {
    "ACCESS": {
      "count_delta": 49,
      "mean_us": 3941.6563101457245,
      "p50_us": 19.22882427307206,
      "p95_us": 97.25274725274726,
      "p99_us": 98529.41176470589,
      "max_us": 2000945
    },
    "FSSTAT": {
      "count_delta": 3,
      "mean_us": 100.38045007032349,
      "p50_us": 67.10743801652893,
      "p95_us": 211.32075471698113,
      "p99_us": 800,
      "max_us": 7471
    },
    "GETATTR": {
      "count_delta": 13,
      "mean_us": 15709.775894538607,
      "p50_us": 49.63262307127113,
      "p95_us": 49309.734513274336,
      "p99_us": 180902.77777777778,
      "max_us": 2002556
    },
    "LOOKUP": {
      "count_delta": 525,
      "mean_us": 5456.016528365387,
      "p50_us": 15.800738872925585,
      "p95_us": 31221.42252328535,
      "p99_us": 123725.21246458923,
      "max_us": 7004266
    },
    "READ": {
      "count_delta": 512,
      "mean_us": 47682.12632303808,
      "p50_us": 399.98262682418346,
      "p95_us": 32577.48776508972,
      "p99_us": 2367346.93877551,
      "max_us": 5424969
    },
    "READDIRPLUS": {
      "count_delta": 3,
      "mean_us": 350.964509394572,
      "p50_us": 130.28720626631855,
      "p95_us": 840,
      "p99_us": 3909.090909090909,
      "max_us": 63831
    }
  },
  "rpc_errors_delta": 0,
  "from_handle_stale_events": 0
}