{
  "workload": "finder-copy-deep",
  "build_sha": "88ccee8",
  "duration_sec": 30.0,
  "started_at": "2026-05-26T05:30:49.147675Z",
  "bytes_read_delta": 10958702,
  "bytes_written_delta": 606208,
  "throughput_MBps": 0.39,
  "rpcs": {
    "ACCESS": {
      "count_delta": 138,
      "mean_us": 4394.669538773442,
      "p50_us": 19.364127174565088,
      "p95_us": 307.14285714285717,
      "p99_us": 121428.57142857142,
      "max_us": 2000945
    },
    "COMMIT": {
      "count_delta": 148,
      "mean_us": 25372.233128834356,
      "p50_us": 18674.698795180724,
      "p95_us": 100000,
      "p99_us": 187500,
      "max_us": 135389
    },
    "CREATE": {
      "count_delta": 99,
      "mean_us": 388000.6666666667,
      "p50_us": 200000,
      "p95_us": 500000,
      "p99_us": 5000000,
      "max_us": 6466561
    },
    "FSSTAT": {
      "count_delta": 181,
      "mean_us": 95.35752434809928,
      "p50_us": 63.762528912875865,
      "p95_us": 198.4,
      "p99_us": 750,
      "max_us": 7471
    },
    "GETATTR": {
      "count_delta": 593,
      "mean_us": 18376.02303733355,
      "p50_us": 49.30004666355576,
      "p95_us": 49771.739130434784,
      "p99_us": 189905.36277602523,
      "max_us": 2002556
    },
    "LOOKUP": {
      "count_delta": 8688,
      "mean_us": 6231.096257565448,
      "p50_us": 16.660968423393374,
      "p95_us": 34523.475534285004,
      "p99_us": 128875.849289685,
      "max_us": 7004266
    },
    "MKDIR": {
      "count_delta": 1,
      "mean_us": 223700.6,
      "p50_us": 300000,
      "p95_us": 500000,
      "p99_us": 500000,
      "max_us": 312270
    },
    "READ": {
      "count_delta": 1123,
      "mean_us": 35987.744629934525,
      "p50_us": 241.8384074941452,
      "p95_us": 17034.883720930233,
      "p99_us": 919753.086419753,
      "max_us": 5424969
    },
    "READDIRPLUS": {
      "count_delta": 68,
      "mean_us": 453.0879926672777,
      "p50_us": 139.1727493917275,
      "p95_us": 921.0526315789474,
      "p99_us": 4250,
      "max_us": 63831
    },
    "SETATTR": {
      "count_delta": 99,
      "mean_us": 145127.25,
      "p50_us": 75000,
      "p95_us": 260000,
      "p99_us": 500000,
      "max_us": 6405903
    },
    "WRITE": {
      "count_delta": 148,
      "mean_us": 218542.4892929293,
      "p50_us": 478.5211267605634,
      "p95_us": 345161.29032258067,
      "p99_us": 4382352.94117647,
      "max_us": 23864448
    }
  },
  "rpc_errors_delta": 0,
  "from_handle_stale_events": 0
}