{
  "workload": "pin-coverage-verify",
  "build_sha": "88ccee8",
  "duration_sec": 60.0,
  "started_at": "2026-05-26T05:27:54.782845Z",
  "bytes_read_delta": 153092096,
  "bytes_written_delta": 159383552,
  "throughput_MBps": 5.21,
  "rpcs": {
    "ACCESS": {
      "count_delta": 37,
      "mean_us": 3904.6375875067315,
      "p50_us": 19.158354114713216,
      "p95_us": 97.82608695652173,
      "p99_us": 97142.85714285714,
      "max_us": 2000945
    },
    "COMMIT": {
      "count_delta": 4,
      "mean_us": 13882.545454545454,
      "p50_us": 6666.666666666667,
      "p95_us": 100000,
      "p99_us": 100000,
      "max_us": 66050
    },
    "FSSTAT": {
      "count_delta": 43,
      "mean_us": 98.70290598290599,
      "p50_us": 66.0699755899105,
      "p95_us": 200,
      "p99_us": 775,
      "max_us": 7471
    },
    "GETATTR": {
      "count_delta": 99,
      "mean_us": 18582.165125723666,
      "p50_us": 48.763636363636365,
      "p95_us": 49789.5967270602,
      "p99_us": 191496.59863945577,
      "max_us": 2002556
    },
    "LOOKUP": {
      "count_delta": 11776,
      "mean_us": 5776.483193624468,
      "p50_us": 15.900931509952152,
      "p95_us": 31259.193880553103,
      "p99_us": 124669.15507295555,
      "max_us": 7004266
    },
    "READ": {
      "count_delta": 10716,
      "mean_us": 37446.005150111785,
      "p50_us": 261.7008221867714,
      "p95_us": 17748.12343619683,
      "p99_us": 987654.3209876543,
      "max_us": 5424969
    },
    "READDIRPLUS": {
      "count_delta": 21,
      "mean_us": 348.15539858728556,
      "p50_us": 131.21827411167513,
      "p95_us": 846.1538461538462,
      "p99_us": 3909.090909090909,
      "max_us": 63831
    },
    "WRITE": {
      "count_delta": 1008,
      "mean_us": 231808.59470198676,
      "p50_us": 451.57766990291265,
      "p95_us": 420000,
      "p99_us": 4531250,
      "max_us": 23864448
    }
  },
  "rpc_errors_delta": 0,
  "from_handle_stale_events": 1577
}