{
  "workload": "resolve-scrub",
  "build_sha": "88ccee8",
  "duration_sec": 30.0,
  "started_at": "2026-05-26T05:24:11.086725Z",
  "bytes_read_delta": 6295552,
  "bytes_written_delta": 0,
  "throughput_MBps": 0.21,
  "rpcs": {
    "ACCESS": {
      "count_delta": 61,
      "mean_us": 3938.329552238806,
      "p50_us": 19.45084745762712,
      "p95_us": 93.78698224852072,
      "p99_us": 98214.28571428571,
      "max_us": 2000945
    },
    "FSSTAT": {
      "count_delta": 53,
      "mean_us": 104.19034954407294,
      "p50_us": 69.29442508710801,
      "p95_us": 229.7029702970297,
      "p99_us": 850,
      "max_us": 7471
    },
    "GETATTR": {
      "count_delta": 130,
      "mean_us": 15925.243739408774,
      "p50_us": 53.26331582895724,
      "p95_us": 49316.081330868765,
      "p99_us": 180797.10144927536,
      "max_us": 2002556
    },
    "LOOKUP": {
      "count_delta": 7434,
      "mean_us": 7915.186257420583,
      "p50_us": 17.60818110092857,
      "p95_us": 43884.814495254526,
      "p99_us": 152386.2375138735,
      "max_us": 7004266
    },
    "READ": {
      "count_delta": 12692,
      "mean_us": 26467.416847826087,
      "p50_us": 366.6131621187801,
      "p95_us": 12539.682539682539,
      "p99_us": 188372.09302325582,
      "max_us": 5424969
    },
    "READDIRPLUS": {
      "count_delta": 39,
      "mean_us": 392.7347611202636,
      "p50_us": 131.40794223826714,
      "p95_us": 489.5348837209302,
      "p99_us": 4000,
      "max_us": 63831
    },
    "SETATTR": {
      "count_delta": 1,
      "mean_us": 14435,
      "p50_us": 20,
      "p95_us": 50000,
      "p99_us": 50000,
      "max_us": 28856
    },
    "WRITE": {
      "count_delta": 297,
      "mean_us": 346653.3752293578,
      "p50_us": 361.0869565217391,
      "p95_us": 36000,
      "p99_us": 7058823.529411765,
      "max_us": 23864448
    }
  },
  "rpc_errors_delta": 0,
  "from_handle_stale_events": 0
}